,BOROUGH,NEIGHBORHOOD,BUILDING CLASS CATEGORY,TAX CLASS AT PRESENT,BLOCK,LOT,EASE-MENT,BUILDING CLASS AT PRESENT,ADDRESS,APARTMENT NUMBER,ZIP CODE,RESIDENTIAL UNITS,COMMERCIAL UNITS,TOTAL UNITS,LAND SQUARE FEET,GROSS SQUARE FEET,YEAR BUILT,TAX CLASS AT TIME OF SALE,BUILDING CLASS AT TIME OF SALE,SALE PRICE,SALE DATE
935,1,CHELSEA,21 OFFICE BUILDINGS                        ,4,801,24, ,O3,119 WEST 25TH   STREET, ,10001,0,13,13,9875,113062,1906,4,O3,150000000,42720
954,1,CHELSEA,25 LUXURY HOTELS                           ,4,801,71, ,H1,152 WEST 26TH STREET, ,10001,0,1,1,9826,122236,2010,4,H1,139725000,42709
956,1,CHELSEA,26 OTHER HOTELS                            ,4,772,64, ,H3,216-222 WEST 23RD   STREET, ,10011,0,10,10,17281,170750,1900,4,H3,92007576,42671
2050,1,FASHION,21 OFFICE BUILDINGS                        ,4,784,64, ,O6,240 WEST 35TH STREET, ,10001,0,35,35,9875,145372,1924,4,O6,108000000,42724
2055,1,FASHION,21 OFFICE BUILDINGS                        ,4,838,12, ,O6,53 WEST 36TH   STREET, ,10018,0,17,17,5925,64300,1911,4,O6,54000000,42670
2062,1,FASHION,23 LOFT BUILDINGS                          ,4,762,61, ,L1,338 WEST 39TH   STREET, ,10018,0,12,12,4937,55473,1926,4,L1,1161500,42937
2063,1,FASHION,23 LOFT BUILDINGS                          ,4,785,75, ,L3,260 WEST 36TH   STREET, ,10018,0,12,12,7266,81375,1907,4,L3,5000000,42775
2066,1,FASHION,23 LOFT BUILDINGS                          ,4,805,39, ,L1,115-123 W 29TH, ,10001,0,15,15,6994,79465,1913,4,L1,220000,42723
2068,1,FASHION,25 LUXURY HOTELS                           ,4,760,18, ,H2,341 WEST 36TH   STREET, ,10018,0,1,1,7406,81000,2007,4,H2,105592700,42963
2070,1,FASHION,25 LUXURY HOTELS                           ,4,763,28, ,H2,311 WEST 39TH   STREET, ,10018,0,1,1,7406,177000,2010,4,H2,128177800,42642
2072,1,FASHION,25 LUXURY HOTELS                           ,4,837,6, ,H2,63-67 WEST 35TH STREET, ,10001,0,1,1,7406,122859,2008,4,H2,139657500,42709
2073,1,FASHION,26 OTHER HOTELS                            ,4,833,49, ,H3,6 WEST 32ND STREET, ,10001,0,9,9,4938,80185,1913,4,H3,51000000,42977
2568,1,FINANCIAL,25 LUXURY HOTELS                           ,4,10,33, ,H2,8 STONE STREET, ,10004,0,1,1,6834,143730,2007,4,H2,100107200,42642
2569,1,FINANCIAL,25 LUXURY HOTELS                           ,4,52,8, ,H2,133 GREENWICH STREET, ,10006,0,318,318,6109,130054,2014,4,H2,203345000,42726
2570,1,FINANCIAL,26 OTHER HOTELS                            ,4,40,16, ,H3,52 WILLIAM STREET, ,10005,0,2,2,6497,119467,1902,4,H3,93550000,42744
2571,1,FINANCIAL,26 OTHER HOTELS                            ,4,78,20, ,H8,106 FULTON STREET, ,10038,0,3,3,5646,74863,1900,4,H8,51100000,42650
3026,1,FLATIRON,21 OFFICE BUILDINGS                        ,4,829,16, ,O6,31 WEST 27TH STREET, ,10001,0,15,15,9876,106800,1910,4,O6,126000000,42929
3032,1,FLATIRON,21 OFFICE BUILDINGS                        ,4,856,9, ,O4,11-13 EAST 26TH   STREET, ,10010,0,35,35,11553,217991,1913,4,O4,1159531,42724
4153,1,GREENWICH VILLAGE-CENTRAL,21 OFFICE BUILDINGS                        ,4,563,31, ,O6,817 BROADWAY, ,10003,0,15,15,8175,114000,1900,4,O6,109000000,42695
4155,1,GREENWICH VILLAGE-CENTRAL,21 OFFICE BUILDINGS                        ,4,577,19, ,O5,34-42 W 14 STREET, ,10011,0,6,6,25297,151541,1930,4,O5,153000000,42745
4165,1,GREENWICH VILLAGE-CENTRAL,34 THEATRES                                ,4,556,65, ,J8,66 3 AVENUE, ,10003,0,1,1,7742,54328,1900,4,J8,32250000,42657
4785,1,GREENWICH VILLAGE-WEST,21 OFFICE BUILDINGS                        ,4,603,28, ,O3,95 MORTON STREET, ,10014,0,11,11,20019,154328,1911,4,O3,205961801,42830
5571,1,HARLEM-CENTRAL,22 STORE BUILDINGS                         ,4,1750,1, ,K4,2023 5 AVENUE, ,10035,0,10,10,16986,58000,1940,4,K4,15453750,42781
6685,1,KIPS BAY,26 OTHER HOTELS                            ,4,929,38, ,H8,340 EAST 24TH   STREET, ,10010,0,254,254,18344,113056,2015,4,H8,174000000,42677
7446,1,MIDTOWN CBD,21 OFFICE BUILDINGS                        ,4,1275,59, ,O4,292 MADISON AVENUE, ,10017,0,26,26,9250,170230,1923,4,O4,90000000,42650
7447,1,MIDTOWN CBD,21 OFFICE BUILDINGS                        ,4,1275,59, ,O4,292 MADISON AVENUE, ,10017,0,26,26,9250,170230,1923,4,O4,90000000,42650
7450,1,MIDTOWN CBD,21 OFFICE BUILDINGS                        ,4,1291,21, ,O6,551 MADISON AVENUE, ,10022,0,1,1,7541,125495,1922,4,O6,155000000,42754
7454,1,MIDTOWN CBD,21 OFFICE BUILDINGS                        ,4,1312,24, ,O6,145 EAST 57TH   STREET, ,10022,0,12,12,5020,58458,1926,4,O6,62750000,42649
7456,1,MIDTOWN CBD,22 STORE BUILDINGS                         ,4,1292,69, ,K4,727 5TH AVENUE, ,10022,0,1,1,10677,119867,1940,4,K4,131667000,42767
9597,1,MIDTOWN WEST,21 OFFICE BUILDINGS                        ,4,1025,54, ,O6,250 WEST 54TH   STREET, ,10019,0,59,59,11750,134441,1911,4,O6,83126000,42775
9598,1,MIDTOWN WEST,21 OFFICE BUILDINGS                        ,4,1026,21, ,O5,1706-1720 BROADWAY, ,10019,0,2,2,8848,52150,1918,4,O5,268124175,42740
9601,1,MIDTOWN WEST,21 OFFICE BUILDINGS                        ,4,1260,28, ,O6,15 WEST 44TH   STREET, ,10036,0,14,14,7532,52851,1914,4,O6,68000000,42873
9602,1,MIDTOWN WEST,21 OFFICE BUILDINGS                        ,4,1260,64, ,O6,56 WEST 45TH   STREET, ,10036,0,62,62,4016,58538,1914,4,O6,50000000,42740
9613,1,MIDTOWN WEST,26 OTHER HOTELS                            ,4,1009,37, ,H3,102 WEST 57TH STREET, ,10019,0,2,2,7532,112850,2007,4,H3,20000,42963
9614,1,MIDTOWN WEST,26 OTHER HOTELS                            ,4,1009,37, ,H3,102 WEST 57TH   STREET, ,10019,0,2,2,7532,112850,2007,4,H3,19000,42874
9615,1,MIDTOWN WEST,26 OTHER HOTELS                            ,4,1009,37, ,H3,102 W 57TH STREET, ,10019,0,2,2,7532,112850,2007,4,H3,17480,42797
9616,1,MIDTOWN WEST,26 OTHER HOTELS                            ,4,1009,37, ,H3,102 WEST 57TH   STREET, ,10019,0,2,2,7532,112850,2007,4,H3,20682,42782
9617,1,MIDTOWN WEST,26 OTHER HOTELS                            ,4,1009,37, ,H3,102 WEST 57TH STREET, ,10019,0,2,2,7532,112850,2007,4,H3,100,42669
9618,1,MIDTOWN WEST,26 OTHER HOTELS                            ,4,1009,37, ,H3,102 WEST 57TH STREET, ,10019,0,2,2,7532,112850,2007,4,H3,100,42641
9619,1,MIDTOWN WEST,26 OTHER HOTELS                            ,4,1009,37, ,H3,102 WEST 57TH STREET, ,10019,0,2,2,7532,112850,2007,4,H3,33900,42635
9620,1,MIDTOWN WEST,26 OTHER HOTELS                            ,4,1009,37, ,H3,102 WEST 57TH STREET, ,10019,0,2,2,7532,112850,2007,4,H3,33900,42635
9621,1,MIDTOWN WEST,26 OTHER HOTELS                            ,4,1009,37, ,H3,102 WEST 57TH STREET, ,10019,0,2,2,7532,112850,2007,4,H3,49900,42635
9622,1,MIDTOWN WEST,26 OTHER HOTELS                            ,4,1009,37, ,H3,102 WEST 57TH STREET, ,10019,0,2,2,7532,112850,2007,4,H3,33900,42635
9623,1,MIDTOWN WEST,26 OTHER HOTELS                            ,4,1009,37, ,H3,102 WEST 57TH STREET, ,10019,0,2,2,7532,112850,2007,4,H3,49900,42635
9624,1,MIDTOWN WEST,26 OTHER HOTELS                            ,4,1009,37, ,H3,102 WEST 57TH STREET, ,10019,0,2,2,7532,112850,2007,4,H3,33900,42635
9625,1,MIDTOWN WEST,26 OTHER HOTELS                            ,4,1009,37, ,H3,102 WEST 57TH STREET, ,10019,0,2,2,7532,112850,2007,4,H3,33900,42635
9626,1,MIDTOWN WEST,26 OTHER HOTELS                            ,4,1009,37, ,H3,102 WEST 57TH STREET, ,10019,0,2,2,7532,112850,2007,4,H3,49302,42635
9627,1,MIDTOWN WEST,26 OTHER HOTELS                            ,4,1009,37, ,H3,102 WEST 57TH STREET, ,10019,0,2,2,7532,112850,2007,4,H3,33900,42635
9628,1,MIDTOWN WEST,26 OTHER HOTELS                            ,4,1009,37, ,H3,102 WEST 57TH STREET, ,10019,0,2,2,7532,112850,2007,4,H3,49900,42635
9629,1,MIDTOWN WEST,26 OTHER HOTELS                            ,4,1009,37, ,H3,102 WEST 57TH STREET, ,10019,0,2,2,7532,112850,2007,4,H3,33900,42635
9630,1,MIDTOWN WEST,26 OTHER HOTELS                            ,4,1009,37, ,H3,102 WEST 57TH STREET, ,10019,0,2,2,7532,112850,2007,4,H3,33900,42635
9631,1,MIDTOWN WEST,26 OTHER HOTELS                            ,4,1009,37, ,H3,102 WEST 57TH STREET, ,10019,0,2,2,7532,112850,2007,4,H3,33900,42635
9632,1,MIDTOWN WEST,26 OTHER HOTELS                            ,4,1009,37, ,H3,102 WEST 57TH STREET, ,10019,0,2,2,7532,112850,2007,4,H3,149700,42635
9633,1,MIDTOWN WEST,26 OTHER HOTELS                            ,4,1009,37, ,H3,102 WEST 57TH STREET, ,10019,0,2,2,7532,112850,2007,4,H3,49900,42635
9634,1,MIDTOWN WEST,26 OTHER HOTELS                            ,4,1009,37, ,H3,102 WEST 57TH STREET, ,10019,0,2,2,7532,112850,2007,4,H3,88920,42635
9635,1,MIDTOWN WEST,26 OTHER HOTELS                            ,4,1009,37, ,H3,102 WEST 57TH STREET, ,10019,0,2,2,7532,112850,2007,4,H3,53910,42635
9636,1,MIDTOWN WEST,26 OTHER HOTELS                            ,4,1009,37, ,H3,102 WEST 57TH STREET, ,10019,0,2,2,7532,112850,2007,4,H3,53910,42635
9637,1,MIDTOWN WEST,26 OTHER HOTELS                            ,4,1009,37, ,H3,102 WEST 57TH STREET, ,10019,0,2,2,7532,112850,2007,4,H3,53910,42635
9638,1,MIDTOWN WEST,26 OTHER HOTELS                            ,4,1009,37, ,H3,102 WEST 57TH STREET, ,10019,0,2,2,7532,112850,2007,4,H3,83644,42635
9639,1,MIDTOWN WEST,26 OTHER HOTELS                            ,4,1009,37, ,H3,102 WEST 57TH STREET, ,10019,0,2,2,7532,112850,2007,4,H3,107820,42635
9640,1,MIDTOWN WEST,26 OTHER HOTELS                            ,4,1009,37, ,H3,102 WEST 57TH STREET, ,10019,0,2,2,7532,112850,2007,4,H3,131881,42635
9641,1,MIDTOWN WEST,26 OTHER HOTELS                            ,4,1009,37, ,H3,102 WEST 57TH STREET, ,10019,0,2,2,7532,112850,2007,4,H3,53910,42635
9642,1,MIDTOWN WEST,26 OTHER HOTELS                            ,4,1009,37, ,H3,102 WEST 57TH STREET, ,10019,0,2,2,7532,112850,2007,4,H3,215640,42635
9643,1,MIDTOWN WEST,26 OTHER HOTELS                            ,4,1009,37, ,H3,102 WEST 57TH STREET, ,10019,0,2,2,7532,112850,2007,4,H3,107820,42635
9644,1,MIDTOWN WEST,26 OTHER HOTELS                            ,4,1009,37, ,H3,102 WEST 57TH STREET, ,10019,0,2,2,7532,112850,2007,4,H3,33900,42635
9645,1,MIDTOWN WEST,26 OTHER HOTELS                            ,4,1009,37, ,H3,102 WEST 57TH STREET, ,10019,0,2,2,7532,112850,2007,4,H3,49900,42635
9646,1,MIDTOWN WEST,26 OTHER HOTELS                            ,4,1009,37, ,H3,102 WEST 57TH STREET, ,10019,0,2,2,7532,112850,2007,4,H3,49900,42635
9647,1,MIDTOWN WEST,26 OTHER HOTELS                            ,4,1009,37, ,H3,102 WEST 57TH STREET, ,10019,0,2,2,7532,112850,2007,4,H3,33900,42635
9648,1,MIDTOWN WEST,26 OTHER HOTELS                            ,4,1009,37, ,H3,102 WEST 57TH STREET, ,10019,0,2,2,7532,112850,2007,4,H3,33900,42635
9649,1,MIDTOWN WEST,26 OTHER HOTELS                            ,4,1009,37, ,H3,102 WEST 57TH STREET, ,10019,0,2,2,7532,112850,2007,4,H3,49900,42635
9650,1,MIDTOWN WEST,26 OTHER HOTELS                            ,4,1009,37, ,H3,102 WEST 57TH STREET, ,10019,0,2,2,7532,112850,2007,4,H3,33900,42635
9651,1,MIDTOWN WEST,26 OTHER HOTELS                            ,4,1009,37, ,H3,102 WEST 57TH STREET, ,10019,0,2,2,7532,112850,2007,4,H3,49900,42635
9652,1,MIDTOWN WEST,26 OTHER HOTELS                            ,4,1009,37, ,H3,102 WEST 57TH STREET, ,10019,0,2,2,7532,112850,2007,4,H3,33900,42635
9653,1,MIDTOWN WEST,26 OTHER HOTELS                            ,4,1009,37, ,H3,102 WEST 57TH STREET, ,10019,0,2,2,7532,112850,2007,4,H3,149700,42635
9654,1,MIDTOWN WEST,26 OTHER HOTELS                            ,4,1009,37, ,H3,102 WEST 57TH STREET, ,10019,0,2,2,7532,112850,2007,4,H3,99800,42635
9655,1,MIDTOWN WEST,26 OTHER HOTELS                            ,4,1009,37, ,H3,102 WEST 57TH STREET, ,10019,0,2,2,7532,112850,2007,4,H3,74700,42635
9656,1,MIDTOWN WEST,26 OTHER HOTELS                            ,4,1009,37, ,H3,102 WEST 57TH STREET, ,10019,0,2,2,7532,112850,2007,4,H3,49900,42635
9657,1,MIDTOWN WEST,26 OTHER HOTELS                            ,4,1009,37, ,H3,102 WEST 57TH STREET, ,10019,0,2,2,7532,112850,2007,4,H3,49900,42635
9658,1,MIDTOWN WEST,26 OTHER HOTELS                            ,4,1009,37, ,H3,102 WEST 57TH STREET, ,10019,0,2,2,7532,112850,2007,4,H3,49900,42635
9659,1,MIDTOWN WEST,26 OTHER HOTELS                            ,4,1009,37, ,H3,102 WEST 57TH STREET, ,10019,0,2,2,7532,112850,2007,4,H3,33900,42635
9660,1,MIDTOWN WEST,26 OTHER HOTELS                            ,4,1009,37, ,H3,102 WEST 57TH STREET, ,10019,0,2,2,7532,112850,2007,4,H3,88920,42635
9661,1,MIDTOWN WEST,26 OTHER HOTELS                            ,4,1009,37, ,H3,102 WEST 57TH STREET, ,10019,0,2,2,7532,112850,2007,4,H3,33900,42635
9662,1,MIDTOWN WEST,26 OTHER HOTELS                            ,4,1009,37, ,H3,102 WEST 57TH STREET, ,10019,0,2,2,7532,112850,2007,4,H3,49900,42635
9663,1,MIDTOWN WEST,26 OTHER HOTELS                            ,4,1009,37, ,H3,102 WEST 57TH STREET, ,10019,0,2,2,7532,112850,2007,4,H3,53910,42635
9664,1,MIDTOWN WEST,26 OTHER HOTELS                            ,4,1009,37, ,H3,102 WEST 57TH STREET, ,10019,0,2,2,7532,112850,2007,4,H3,88920,42635
9665,1,MIDTOWN WEST,26 OTHER HOTELS                            ,4,1009,37, ,H3,102 WEST 57TH STREET, ,10019,0,2,2,7532,112850,2007,4,H3,53910,42635
9666,1,MIDTOWN WEST,26 OTHER HOTELS                            ,4,1009,37, ,H3,102 WEST 57TH STREET, ,10019,0,2,2,7532,112850,2007,4,H3,38160,42635
9667,1,MIDTOWN WEST,26 OTHER HOTELS                            ,4,1009,37, ,H3,102 WEST 57TH STREET, ,10019,0,2,2,7532,112850,2007,4,H3,38160,42635
9668,1,MIDTOWN WEST,26 OTHER HOTELS                            ,4,1009,37, ,H3,102 WEST 57TH STREET, ,10019,0,2,2,7532,112850,2007,4,H3,40370,42635
9669,1,MIDTOWN WEST,26 OTHER HOTELS                            ,4,1009,37, ,H3,102 WEST 57TH STREET, ,10019,0,2,2,7532,112850,2007,4,H3,81259,42635
9670,1,MIDTOWN WEST,26 OTHER HOTELS                            ,4,1009,37, ,H3,102 WEST 57TH STREET, ,10019,0,2,2,7532,112850,2007,4,H3,95080,42635
9672,1,MIDTOWN WEST,26 OTHER HOTELS                            ,4,1009,37, ,H3,102 WEST 57TH STREET, ,10019,0,2,2,7532,112850,2007,4,H3,100,42627
9674,1,MIDTOWN WEST,26 OTHER HOTELS                            ,4,1009,37, ,H3,102 WEST 57TH, ,10019,0,2,2,7532,112850,2007,4,H3,8909,42626
9676,1,MIDTOWN WEST,26 OTHER HOTELS                            ,4,1009,37, ,H3,102 WEST 57TH STREET, ,10019,0,2,2,7532,112850,2007,4,H3,5997,42622
9677,1,MIDTOWN WEST,26 OTHER HOTELS                            ,4,1009,37, ,H3,102 WEST 57TH STREET, ,10019,0,2,2,7532,112850,2007,4,H3,100,42620
9678,1,MIDTOWN WEST,26 OTHER HOTELS                            ,4,1009,37, ,H3,102 WEST 57TH   STREET, ,10019,0,2,2,7532,112850,2007,4,H3,100,42620
9679,1,MIDTOWN WEST,26 OTHER HOTELS                            ,4,1009,37, ,H3,102 WEST 57TH   STREET, ,10019,0,2,2,7532,112850,2007,4,H3,20600,42619
9681,1,MIDTOWN WEST,26 OTHER HOTELS                            ,4,1009,37, ,H3,102 WEST 57TH   STREET, ,10019,0,2,2,7532,112850,2007,4,H3,10000,42615
9682,1,MIDTOWN WEST,26 OTHER HOTELS                            ,4,1259,11, ,HB,47 WEST 43RD   STREET, ,10036,0,3,3,10041,103750,1900,4,HB,53000000,42948
10471,1,MURRAY HILL,26 OTHER HOTELS                            ,4,867,20, ,H3,237 MADISON AVENUE, ,10016,0,1,1,4975,71043,1926,4,H3,37000000,42933
10472,1,MURRAY HILL,26 OTHER HOTELS                            ,4,889,55, ,HB,150 EAST 34TH   STREET, ,10016,0,2,2,10399,176584,1987,4,HB,118000000,42906
10846,1,SOHO,21 OFFICE BUILDINGS                        ,4,580,19, ,O5,163 VARICK STREET, ,10013,0,8,8,7500,51000,1925,4,O5,64900000,42929
11654,1,TRIBECA,25 LUXURY HOTELS                           ,4,211,29, ,H1,370 CANAL STREET, ,10013,0,1,1,10622,160545,2007,4,H1,109915000,42642
13374,1,UPPER EAST SIDE (59-79),21 OFFICE BUILDINGS                        ,4,1396,7, ,O7,115 EAST 61ST   STREET, ,10065,0,32,32,5723,58298,1930,4,O7,730000,42675
16416,1,UPPER WEST SIDE (59-79),26 OTHER HOTELS                            ,4,1184,77, ,H6,305 WEST END AVENUE, ,10023,0,1,1,13825,184060,1923,4,H6,145000000,42709
17504,1,UPPER WEST SIDE (79-96),26 OTHER HOTELS                            ,4,1246,49, ,HH,340 WEST 85TH   STREET, ,10024,0,1,1,7663,51520,1927,4,HH,42000000,42864
710,2,BEDFORD PARK/NORWOOD,33 EDUCATIONAL FACILITIES                  ,4,3329,85, ,W4,3600 JEROME AVENUE, ,10467,0,1,1,29275,79275,1929,4,W4,7375000,42674
1776,2,EAST TREMONT,21 OFFICE BUILDINGS                        ,4,2947,14, ,O3,1910 ARTHUR AVENUE, ,10457,0,8,8,8769,65181,1928,4,O3,10500000,42879
2031,2,HIGHBRIDGE/MORRIS HEIGHTS,27 FACTORIES                               ,4,2539,132, ,F4,10 MAJ WM DEEGAN BLVD, ,10451,0,1,1,137103,101235,1931,4,F4,0,42912
2049,2,HIGHBRIDGE/MORRIS HEIGHTS,38 ASYLUMS AND HOMES                       ,4,2504,6, ,N2,936 WOODYCREST AVENUE, ,10452,0,1,1,40000,63000,1900,4,N2,14000000,42968
2107,2,HUNTS POINT,30 WAREHOUSES                              ,4,2604,252, ,E1,977 EAST 149 STREET, ,10455,0,1,1,491293,213776,1971,4,E1,7480000,42902
2108,2,HUNTS POINT,30 WAREHOUSES                              ,4,2604,252, ,E1,977 EAST 149 STREET, ,10455,0,1,1,491293,213776,1971,4,E1,0,42795
2109,2,HUNTS POINT,30 WAREHOUSES                              ,4,2604,270, ,E9,1025 EAST 149 STREET, ,10455,0,2,2,449890,185000,1974,4,E9,7480000,42902
2251,2,KINGSBRIDGE HTS/UNIV HTS,32 HOSPITAL AND HEALTH FACILITIES          ,4,3220,37, ,I6,100 WEST KINGSBRIDGE RD, ,10468,0,1,1,51944,235297,1975,4,I6,110000000,42633
2252,2,KINGSBRIDGE HTS/UNIV HTS,32 HOSPITAL AND HEALTH FACILITIES          ,4,3220,37, ,I6,100 WEST KINGSBRIDGE RD, ,10468,0,1,1,51944,235297,1975,4,I6,0,42621
2255,2,KINGSBRIDGE HTS/UNIV HTS,32 HOSPITAL AND HEALTH FACILITIES          ,4,3220,90, ,I6,2545 UNIVERSITY AVENUE, ,10468,0,1,1,34066,173369,1971,4,I6,0,42633
2688,2,MELROSE/CONCOURSE,27 FACTORIES                               ,4,2352,15, ,F1,585 GERARD AVENUE, ,10451,0,1,1,25000,50000,1913,4,F1,0,42912
2708,2,MELROSE/CONCOURSE,32 HOSPITAL AND HEALTH FACILITIES          ,4,2430,45, ,I6,1160 TELLER AVENUE, ,10456,0,1,1,50000,214370,1972,4,I6,17500000,42628
3297,2,MORRISANIA/LONGWOOD,27 FACTORIES                               ,4,2387,1, ,F9,3350 PARK AVENUE, ,10456,0,5,5,92044,69672,1931,4,F9,9000000,42943
3317,2,MORRISANIA/LONGWOOD,30 WAREHOUSES                              ,4,2387,10, ,E9,3362 PARK AVENUE, ,10456,0,1,1,34270,62500,1911,4,E9,9950000,42878
3333,2,MORRISANIA/LONGWOOD,40 SELECTED GOVERNMENTAL FACILITIES        ,4,2382,48, ,Y3,470 EAST 161 STREET, ,10451,0,1,1,41507,61187,1915,4,Y3,16000000,42779
3454,2,MOTT HAVEN/PORT MORRIS,27 FACTORIES                               ,4,2584,1, ,F4,780 EAST 133 STREET, ,10454,0,2,2,41901,59829,1931,4,F4,700000,42736
3472,2,MOTT HAVEN/PORT MORRIS,30 WAREHOUSES                              ,4,2588,33, ,E1,845 EAST 136 STREET, ,10454,0,3,3,55773,88000,1929,4,E1,19086600,42964
4382,2,PELHAM PARKWAY SOUTH,32 HOSPITAL AND HEALTH FACILITIES          ,4,4205,3, ,I1,1301 MORRIS PARK AVENUE, ,10461,0,1,1,215194,217000,2008,4,I1,0,42634
4384,2,PELHAM PARKWAY SOUTH,32 HOSPITAL AND HEALTH FACILITIES          ,4,4205,55, ,I1,1410 PELHAM PARKWAY SOUTH, ,10461,0,0,0,42855,120650,1965,4,I1,0,42634
5017,2,RIVERDALE,32 HOSPITAL AND HEALTH FACILITIES          ,4,5841,1945, ,I7,6355 BROADWAY, ,10471,0,1,1,35525,66000,1961,4,I7,15000000,42832
5284,2,SCHUYLERVILLE/PELHAM BAY,21 OFFICE BUILDINGS                        ,4,4239,5, ,O7,3250 WESTCHESTER AVENUE, ,10461,0,19,19,76527,52830,1954,4,O7,33000000,42688
6515,2,WESTCHESTER,27 FACTORIES                               ,4,3842,55, ,F5,1231 SEABURY AVENUE, ,10462,0,1,1,98712,70000,1990,4,F5,1,42828
5698,3,BROOKLYN HEIGHTS,26 OTHER HOTELS                            ,4,224,5, ,H8,107 COLUMBIA HEIGHTS, ,11201,0,1,1,20427,104239,1960,4,H8,87500000,42864
6002,3,BUSH TERMINAL,30 WAREHOUSES                              ,4,745,1, ,E9,201 46TH   STREET, ,11220,0,4,4,26033,52000,1900,4,E9,15500000,42663
8261,3,COBBLE HILL,32 HOSPITAL AND HEALTH FACILITIES          ,4,284,1, ,I1,355 HICKS STREET, ,11201,0,1,1,28388,64000,1972,4,I1,0,42859
8584,3,CONEY ISLAND,21 OFFICE BUILDINGS                        ,4,7071,123, ,O2,3050 WEST 21ST   STREET, ,11224,0,1,1,24000,69500,1925,4,O2,13175224,42880
8586,3,CONEY ISLAND,22 STORE BUILDINGS                         ,4,7273,1, ,K4,486 NEPTUNE AVENUE, ,11224,0,28,28,220122,125991,1964,4,K4,9000000,42892
10037,3,DOWNTOWN-FULTON FERRY,26 OTHER HOTELS                            ,4,30,12, ,H8,50 JAY STREET, ,11201,0,1,1,13812,86350,1913,4,H8,0,42916
10340,3,DOWNTOWN-FULTON MALL,22 STORE BUILDINGS                         ,4,160,18, ,K4,510 FULTON STREET, ,11201,0,1,1,13100,58300,1920,4,K4,0,42633
10489,3,DOWNTOWN-METROTECH,21 OFFICE BUILDINGS                        ,4,63,1, ,O6,55 PROSPECT STREET, ,11201,0,2,2,20704,206000,1967,4,O6,0,42825
10490,3,DOWNTOWN-METROTECH,21 OFFICE BUILDINGS                        ,4,63,1, ,O6,55 PROSPECT STREET, ,11201,0,2,2,20704,206000,1967,4,O6,138106368,42825
10491,3,DOWNTOWN-METROTECH,21 OFFICE BUILDINGS                        ,4,63,1, ,O6,55 PROSPECT STREET, ,11201,0,2,2,20704,206000,1967,4,O6,0,42825
10492,3,DOWNTOWN-METROTECH,21 OFFICE BUILDINGS                        ,4,64,25, ,O6,81 PROSPECT STREET, ,11201,0,2,2,8253,81760,1909,4,O6,0,42825
10493,3,DOWNTOWN-METROTECH,21 OFFICE BUILDINGS                        ,4,64,25, ,O6,81 PROSPECT STREET, ,11201,0,2,2,8253,81760,1909,4,O6,50584955,42825
10494,3,DOWNTOWN-METROTECH,21 OFFICE BUILDINGS                        ,4,64,25, ,O6,81 PROSPECT STREET, ,11201,0,2,2,8253,81760,1909,4,O6,0,42825
10495,3,DOWNTOWN-METROTECH,21 OFFICE BUILDINGS                        ,4,76,1, ,O6,117 ADAMS STREET, ,11201,0,2,2,20600,164115,1926,4,O6,0,42825
10496,3,DOWNTOWN-METROTECH,21 OFFICE BUILDINGS                        ,4,76,1, ,O6,117 ADAMS STREET, ,11201,0,2,2,20600,164115,1926,4,O6,98463962,42825
10497,3,DOWNTOWN-METROTECH,21 OFFICE BUILDINGS                        ,4,76,1, ,O6,117 ADAMS STREET, ,11201,0,2,2,20600,164115,1926,4,O6,0,42825
10498,3,DOWNTOWN-METROTECH,21 OFFICE BUILDINGS                        ,4,77,1, ,O6,77 SANDS STREET, ,11201,0,5,5,14800,191800,1962,4,O6,0,42825
10499,3,DOWNTOWN-METROTECH,21 OFFICE BUILDINGS                        ,4,77,1, ,O6,77 SANDS STREET, ,11201,0,5,5,14800,191800,1962,4,O6,121313223,42825
10500,3,DOWNTOWN-METROTECH,21 OFFICE BUILDINGS                        ,4,77,1, ,O6,77 SANDS STREET, ,11201,0,5,5,14800,191800,1962,4,O6,0,42825
10501,3,DOWNTOWN-METROTECH,21 OFFICE BUILDINGS                        ,4,87,5, ,O6,175 PEARL STREET, ,11201,0,3,3,21218,191688,1918,4,O6,102873750,42825
10502,3,DOWNTOWN-METROTECH,21 OFFICE BUILDINGS                        ,4,147,36, ,O5,57 WILLOUGHBY STREET, ,11201,0,4,4,16525,96586,1929,4,O5,54000000,42726
10503,3,DOWNTOWN-METROTECH,21 OFFICE BUILDINGS                        ,4,148,46, ,O6,81 WILLOUGHBY STREET, ,11201,0,1,1,10750,73860,1900,4,O6,0,42625
11757,3,EAST NEW YORK,27 FACTORIES                               ,4,3964,8, ,F2,2840 ATLANTIC AVENUE, ,11207,0,1,1,30550,76400,1914,4,F2,0,42755
14507,3,GOWANUS,22 STORE BUILDINGS                         ,4,1007,172, ,K6,1 12TH   ST EXTENSION, ,11215,0,6,6,86250,108625,1968,4,K6,0,42649
14530,3,GOWANUS,29 COMMERCIAL GARAGES                      ,4,1031,1, ,G1,433 HAMILTON AVENUE, ,11232,0,1,1,103383,65000,1926,4,G1,0,42810
15214,3,GRAVESEND,22 STORE BUILDINGS                         ,4,6491,207, ,K8,1752 SHORE PARKWAY, ,11214,0,1,1,499600,139557,2013,4,K8,225000,42692
15664,3,GREENPOINT,27 FACTORIES                               ,4,2607,6, ,F9,306 NORTH HENRY, ,11222,0,2,2,95000,89300,1930,4,F9,0,42877
15665,3,GREENPOINT,27 FACTORIES                               ,4,2607,6, ,F9,306 NORTH HENRY, ,11222,0,2,2,95000,89300,1930,4,F9,1650000,42769
15666,3,GREENPOINT,27 FACTORIES                               ,4,2607,6, ,F9,306 NORTH HENRY, ,11222,0,2,2,95000,89300,1930,4,F9,16000000,42716
15898,3,KENSINGTON,33 EDUCATIONAL FACILITIES                  ,4,5338,51, ,M9,222 OCEAN PARKWAY, ,11218,0,1,1,10736,99000,1921,4,W2,0,42724
15899,3,KENSINGTON,37 RELIGIOUS FACILITIES                    ,4,5322,44, ,M1,58 CATON PLACE, ,11218,0,1,1,34660,51800,1997,4,M1,0,42710
18399,3,OCEAN PARKWAY-NORTH,32 HOSPITAL AND HEALTH FACILITIES          ,4,6536,30, ,I9,1504 CONEY ISLAND AVENUE, ,11230,0,11,11,12000,145983,0,4,I9,0,42971
20372,3,RED HOOK,27 FACTORIES                               ,4,492,20, ,F5,628 SMITH STREET, ,11231,0,9,9,20000,60000,1920,4,F5,0,42885
20393,3,RED HOOK,30 WAREHOUSES                              ,4,573,1, ,E1,100 FERRIS, ,11231,0,1,1,67886,50000,1995,4,E1,13600000,42856
22880,3,WILLIAMSBURG-EAST,30 WAREHOUSES                              ,4,2974,1, ,E1,134 MORGAN AVENUE, ,11237,0,4,4,109400,100000,1962,4,E1,30000000,42796
22881,3,WILLIAMSBURG-EAST,30 WAREHOUSES                              ,4,2974,1, ,E1,134 MORGAN AVENUE, ,11237,0,4,4,109400,100000,1962,4,E1,0,42796
23236,3,WILLIAMSBURG-NORTH,26 OTHER HOTELS                            ,4,2283,1, ,HB,55 WYTHE AVENUE, ,11249,0,184,184,50000,185141,2014,4,HB,0,42793
23243,3,WILLIAMSBURG-NORTH,30 WAREHOUSES                              ,4,2294,1, ,E1,16 NORTH 11 STREET, ,11249,0,1,1,147343,97300,1999,4,E1,0,42844
23244,3,WILLIAMSBURG-NORTH,30 WAREHOUSES                              ,4,2294,1, ,E1,16 NORTH 11 STREET, ,11249,0,1,1,147343,97300,1999,4,E1,0,42844
23732,3,WILLIAMSBURG-SOUTH,21 OFFICE BUILDINGS                        ,4,2151,6, ,O2,185 MARCY AVENUE, ,11211,0,20,20,12606,57425,1905,4,O2,29950000,42775
3988,4,COLLEGE POINT,30 WAREHOUSES                              ,4,4387,1, ,E7,3140 WHITESTONE EP SR W, ,11357,0,1,1,83269,98853,1920,4,E7,27000000,42902
5196,4,EAST ELMHURST,26 OTHER HOTELS                            ,4,1071,1, ,H4,9400 DITMARS BOULEVARD, ,11369,0,172,172,76712,78496,1956,4,H4,5004641,42621
13359,4,HOLLIS,30 WAREHOUSES                              ,4,10352,79, ,E9,184-10 JAMAICA AVENUE, ,11423,0,16,16,57100,226605,1920,4,E9,78000000,42937
17118,4,LONG ISLAND CITY,27 FACTORIES                               ,4,410,46, ,F1,21-07 41ST   AVENUE, ,11101,0,2,2,20630,91145,1913,4,F1,25000000,42899
17119,4,LONG ISLAND CITY,27 FACTORIES                               ,4,440,1, ,F1,43-10 23RD   STREET, ,11101,0,1,1,36650,130000,1924,4,F1,54000000,42878
17141,4,LONG ISLAND CITY,29 COMMERCIAL GARAGES                      ,4,365,1, ,G9,22-11 38TH   AVENUE, ,11101,0,2,2,30000,57755,2015,4,G9,23000000,42734
17681,4,MASPETH,30 WAREHOUSES                              ,4,2573,124, ,E1,55-30 58TH   STREET, ,11378,0,0,0,106500,106000,1950,4,E1,20600000,42683
21277,4,RICHMOND HILL,27 FACTORIES                               ,4,9331,30, ,F1,87-46 123RD STREET, ,11418,0,1,1,95123,138000,1931,4,F1,18100000,42902
3622,5,MARINERS HARBOR,27 FACTORIES                               ,4,1161,1, ,F5,125 LAKE AVENUE, ,10303,0,1,1,294144,166543,1945,4,F5,8050000,42682
5202,5,NEW SPRINGVILLE,22 STORE BUILDINGS                         ,4,2400,210, ,K3,140 MARSH AVENUE, ,10314,0,1,1,754754,179200,1993,4,K3,4346648,42811
7048,5,TODT HILL,33 EDUCATIONAL FACILITIES                  ,4,683,301, ,W1,MILFORD DRIVE, ,0,0,1,1,78672,126468,1965,4,W1,1,42713
8412,5,WOODROW,22 STORE BUILDINGS                         ,4,7100,28, ,K6,2730 ARTHUR KILL ROAD, ,10309,0,7,7,208033,64117,2001,4,K6,11693337,42725
